name,stuff,link,difficulty,tags,methods,tools
干锅土豆片,土豆、猪肉,https://www.bilibili.com/video/BV1ZZ4y1A7HK,简单,下饭,炒,一口大锅
土豆丝饼,土豆,https://www.bilibili.com/video/BV1MW411L7GA,普通,早餐,煎,一口大锅
气泡小土豆,土豆,https://www.bilibili.com/video/BV1sL41137jN,简单,零食,烘,烤箱
酸辣土豆丝,土豆,https://www.bilibili.com/video/BV1wq4y1W7QA,普通,家常菜,炒,一口大锅
可乐饼,土豆、洋葱、肉、鸡蛋,https://www.bilibili.com/video/BV1yW411Q7sa,普通,日式菜,炸,一口大锅
千层土豆,土豆,https://www.bilibili.com/video/BV1nb4y147D6,困难,,炸,一口大锅
土豆挞,土豆,https://www.bilibili.com/video/BV1fY41187Xo,普通,,烘,烤箱
千层土豆烘蛋,土豆、鸡蛋,https://www.bilibili.com/video/BV1fY41187Xo,困难,,烘,烤箱
芝士焗土豆,土豆、香肠,https://www.bilibili.com/video/BV1DL4y1j7Nu,,,烘,烤箱、空气炸锅
土豆拌饭,土豆、香肠、米饭,https://www.bilibili.com/video/BV1YD4y1c7ip,简单,,炒,一口大锅
炸薯卷,土豆、香肠,https://www.bilibili.com/video/BV1Na4y1a7LA,简单,,炸,一口大锅
煎土豆,土豆,https://www.bilibili.com/video/BV15s411A7GB,,,炸,一口大锅
空心小薯片,土豆、鸡蛋、米饭,https://www.bilibili.com/video/BV1N5411D79P,,零食,烘,烤箱
香辣土豆片,土豆,https://www.bilibili.com/video/BV1Sq4y137uw,,下饭,煮,一口大锅
肉末土豆,土豆、肉,https://www.bilibili.com/video/BV1ZS4y127wm,,下饭,炒,一口大锅
灵魂土豆丸子,土豆,https://www.bilibili.com/video/BV1Z64y1674r,,零食,蒸,一口大锅
火山熔岩蛋,土豆、鸡蛋,https://www.bilibili.com/video/BV1Xy4y1L7ok,困难,,烘,烤箱
薯条,土豆,https://www.bilibili.com/video/BV1fY41187Xo,普通,,炸,一口大锅
土豆烧红肉,土豆、猪肉,https://www.bilibili.com/video/BV1fY41187Xo,普通,家常菜,炖,一口大锅
土豆芝士棒,土豆、香肠,https://www.bilibili.com/video/BV1DL4y1j7Nu,困难,,烘,烤箱
空气土豆,土豆,https://www.bilibili.com/video/BV1RL411E7Uv,困难,,炸,一口大锅
金丝午餐肉,土豆、午餐肉,https://www.bilibili.com/video/BV1W34y1k7Bg,普通,,炸,一口大锅
孜然土豆火腿,土豆、香肠,https://www.bilibili.com/video/BV1k44y147kM,简单,下饭,炸,一口大锅
罗宋汤,土豆、洋葱、胡萝卜、芹菜,https://www.bilibili.com/video/BV1gP4y1T7Z7,简单,汤,煮,一口大锅
土豆拌茄子,土豆、茄子,https://www.bilibili.com/video/BV1VT4y1J7Y8,简单,凉菜,蒸,一口大锅
黑椒土豆泥,土豆,https://www.bilibili.com/video/BV1q7411K7gr,简单,单一食材,蒸,一口大锅
酱土豆,土豆,https://www.bilibili.com/video/BV1YD4y1c7ip,简单,单一食材,炒,一口大锅
麻辣土豆片,土豆,https://www.bilibili.com/video/BV1fY41187Xo,简单,单一食材,煮,一口大锅
老奶洋芋,土豆,https://www.bilibili.com/video/BV1fY41187Xo,简单,单一食材,炒,一口大锅
牧羊人派,土豆、猪肉,https://www.bilibili.com/video/BV1fY41187Xo,普通,,,一口大锅
土豆泥厚蛋烧,土豆、鸡蛋,https://www.bilibili.com/video/BV1DL4y1j7Nu,困难,,煎,一口大锅
炸土豆片,土豆,https://www.bilibili.com/video/BV1mt4y1i7Zr,简单,单一食材,煎,一口大锅
薯球,土豆,https://www.bilibili.com/video/BV1bY4y1H7L9,普通,单一食材,炸,一口大锅
土豆派,土豆,https://www.bilibili.com/video/BV1bY4y1H7L9,简单,单一食材,烘,一口大锅
土豆烧牛腩,土豆、牛肉,https://www.bilibili.com/video/BV1qs411u7gj,普通,,炒,一口大锅
土豆杂蔬烘蛋,土豆、番茄、胡萝卜、香肠,https://www.bilibili.com/video/BV1Y5411S7mu,简单,早餐,烘,烤箱、空气炸锅
土豆丝饼,土豆,https://www.bilibili.com/video/BV1fY41187Xo,简单,早餐,煎,一口大锅
洋芋擦擦,土豆、胡萝卜,https://www.bilibili.com/video/BV1fY41187Xo,普通,西北特色,蒸,一口大锅
火烧云油焖鸡,土豆、番茄、鸡肉,https://www.bilibili.com/video/BV1fY41187Xo,普通,好吃,煮,一口大锅
薯塔,土豆,https://www.bilibili.com/video/BV1uF411v7SQ,普通,零食,炸,一口大锅
金针菇菜卷,菌菇、胡萝卜、包菜,https://www.bilibili.com/video/BV1aW411H7fZ,简单,快手菜,,一口大锅
口蘑鸡胸肉,菌菇、鸡胸肉,https://www.bilibili.com/video/BV1AP4y1w7y6,简单,快手菜,煎,一口大锅
椒盐炸蘑菇,菌菇、鸡蛋,https://www.bilibili.com/video/BV1P54y1L7FS,简单,单一食材,炸,一口大锅
潮汕杂菇煲,菌菇、猪肉,https://www.bilibili.com/video/BV15E411K7B5,简单,,炒,一口大锅
烤蘑菇,菌菇、洋葱、猪肉,https://www.bilibili.com/video/BV1T3411e7VG,普通,,烤,空气炸锅
口蘑汤,菌菇,https://www.bilibili.com/video/BV1e64y1h776,简单,汤,煎、炖,一口大锅
蘑菇浓汤,蘑菇、洋葱、芹菜,https://www.bilibili.com/video/BV1Ut411C7Cu,普通,汤,炖,一口大锅
蒜香口蘑牛肉粒,蘑菇、牛肉,https://www.bilibili.com/video/BV1Nm4y197ev,简单,荤素搭配,炒,一口大锅
浇汁西兰花,花菜,https://www.bilibili.com/video/BV1jq4y1M7jR,简单,单一食材,煮,一口大锅
蒜蓉西兰花,花菜,https://www.bilibili.com/video/BV1fy4y1W7z5,简单,单一食材,炒,一口大锅
西兰花炒虾仁,花菜、虾,https://www.bilibili.com/video/BV1nv411B78i,简单,,炒,一口大锅
白灼西兰花,花菜,https://www.bilibili.com/video/BV1o4411A7dC,简单,健康,煮,一口大锅
鸡蛋西兰花豆腐羹,花菜、豆腐、鸡蛋,https://www.bilibili.com/video/BV164411g77n,简单,,炖,一口大锅
水波蛋,鸡蛋,https://www.bilibili.com/video/BV1TT4y127vu,简单,,煮,一口大锅
炸蛋,鸡蛋,https://www.bilibili.com/video/BV1TT4y127vu,简单,,炸,一口大锅
铺盖打蛋,鸡蛋,https://www.bilibili.com/video/BV1TT4y127vu,,,炒,一口大锅
鸡蛋蒜,鸡蛋,https://www.bilibili.com/video/BV1TT4y127vu,,,炒,一口大锅
东北鸡蛋酱,鸡蛋,https://www.bilibili.com/video/BV1TT4y127vu,,,炒,一口大锅
英式炒蛋,鸡蛋,https://www.bilibili.com/video/BV1TT4y127vu,,,炒,一口大锅
法式炒蛋,鸡蛋,https://www.bilibili.com/video/BV1TT4y127vu,,,炒,一口大锅
茶叶蛋,鸡蛋,https://www.bilibili.com/video/BV1TT4y127vu,,,卤,一口大锅
泰式卤蛋,鸡蛋,https://www.bilibili.com/video/BV1TT4y127vu,,,卤,一口大锅
糖醋荷包蛋,鸡蛋,https://www.bilibili.com/video/BV1TT4y127vu,,,煎,一口大锅
烤布丁,鸡蛋,https://www.bilibili.com/video/BV1TT4y127vu,,,烘,烤箱
厚蛋烧,鸡蛋,https://www.bilibili.com/video/BV1TT4y127vu,,,煎,一口大锅
苏格兰蛋,鸡蛋、猪肉,https://www.bilibili.com/video/BV1TT4y127vu,,,炸,一口大锅
班尼迪克蛋,鸡蛋、面包,https://www.bilibili.com/video/BV1TT4y127vu,,,,一口大锅
酱鸡蛋,鸡蛋,https://www.bilibili.com/video/BV19L411u7H4,,,,一口大锅
流心蛋,鸡蛋,https://www.bilibili.com/video/BV1Yt411G7Ut,,,,一口大锅
青椒炒荷包蛋,鸡蛋,https://www.bilibili.com/video/BV1wJ41167uH,,,,一口大锅
爆汁香脆蛋,鸡蛋,https://www.bilibili.com/video/BV1yR4y1575Y,,,,一口大锅
蒸蛋羹,鸡蛋,https://www.bilibili.com/video/BV1Wt411Z7td,,,,一口大锅
赛螃蟹,鸡蛋,https://www.bilibili.com/video/BV1ab4y1s7wk,,,,一口大锅
西班牙土豆鸡蛋饼,鸡蛋、土豆、洋葱,https://www.bilibili.com/video/BV1Vz4y1D7nF,,,,一口大锅
一只鸡蛋糕,鸡蛋,https://www.bilibili.com/video/BV1X7411a7EQ,,,,一口大锅
鸡蛋饼,鸡蛋,https://www.bilibili.com/video/BV1a34y117iz,,,,一口大锅
鸡蛋芝士培根吐司,鸡蛋、面包,https://www.bilibili.com/video/BV1hv411E7RW,,,,一口大锅
腌鸡胸肉,鸡胸肉,https://www.bilibili.com/video/BV1Py4y1C7QE,,,,一口大锅
香煎鸡胸肉,鸡胸肉,https://www.bilibili.com/video/BV1W4411j71M,,,,一口大锅
蒜香蜂胸扒,鸡胸肉,https://www.bilibili.com/video/BV1h54y1Q7pf,,,,一口大锅
凉拌胸丝,鸡胸肉,https://www.bilibili.com/video/BV1h54y1Q7pf,,,,一口大锅
菜包鸡胸,鸡胸肉,https://www.bilibili.com/video/BV1h54y1Q7pf,,,,一口大锅
糖醋鸡胸肉,鸡胸肉,https://www.bilibili.com/video/BV1h7411C7PZ,,,,一口大锅
黑椒鸡胸肉,鸡胸肉,https://www.bilibili.com/video/BV1PX4y1V7S3,,,,一口大锅
辣子鸡丁,鸡胸肉,https://www.bilibili.com/video/BV1Ma4y147MA,,,,一口大锅
宫保鸡丁,鸡胸肉、黄瓜,https://www.bilibili.com/video/BV1wE411T7X5,,,,一口大锅
香辣鸡胸肉,鸡胸肉,https://www.bilibili.com/video/BV1M34y187r2,,,,一口大锅
照烧鸡胸肉,鸡胸肉,https://www.bilibili.com/video/BV12Q4y1K7CA,,,,一口大锅
茄汁鸡胸肉,鸡胸肉、番茄,https://www.bilibili.com/video/BV1L54y1b7Xq,,,,一口大锅
鸡胸肉蔬菜小饼,鸡胸肉、胡萝卜、花菜,https://www.bilibili.com/video/BV1i7411d7Rd,,,,一口大锅
蒜香鸡胸肉,鸡胸肉,https://www.bilibili.com/video/BV1tf4y1A7xR,,,,一口大锅
小炒鸡胸肉,鸡胸肉,https://www.bilibili.com/video/BV1pF411a7nW,,,,一口大锅
洋葱炒土豆,土豆、洋葱,https://www.bilibili.com/video/BV1mg4y1b7z3,,,,一口大锅
抱蛋肥牛饭,洋葱、牛肉、鸡蛋、米饭,https://www.bilibili.com/video/BV1Kb4y147m2,,,,一口大锅
洋葱虾仁滑蛋,鸡蛋、牛肉、洋葱、虾,https://www.bilibili.com/video/BV1uE411N7AN,,,,一口大锅
洋葱拌鸡丝,洋葱、鸡胸肉,https://www.bilibili.com/video/BV1Ki4y1P7tN,,,,一口大锅
洋葱拌木耳,洋葱、木耳,https://www.bilibili.com/video/BV1n5411H7Yo,,,,一口大锅
炸洋葱,洋葱,https://www.bilibili.com/video/BV1ib411V7H2,,,,一口大锅
洋葱排骨,洋葱、猪肉,https://www.bilibili.com/video/BV1Q3411j7p6,,,,一口大锅
洋葱烧鸡肉,洋葱、鸡肉,https://www.bilibili.com/video/BV1hW411y7Dp,,,,一口大锅
凉拌洋葱,洋葱,https://www.bilibili.com/video/BV1BS4y1G7XD,,,,一口大锅
洋葱炒鸡蛋,洋葱、鸡蛋,https://www.bilibili.com/video/BV1Dp4y1k7Mu,,,,一口大锅
洋葱炒土豆,洋葱、土豆,https://www.bilibili.com/video/BV1mg4y1b7z3,,,,一口大锅
洋葱炒肉,洋葱、鸡胸肉,https://www.bilibili.com/video/BV1QV41127ES,,,,一口大锅
鸡蛋洋葱饭,洋葱、鸡蛋、米饭,https://www.bilibili.com/video/BV1TU4y1H7Cr,,,,一口大锅
秘制洋葱炒肥牛,洋葱、牛肉,https://www.bilibili.com/video/BV1vT4y1E7fZ,,,,一口大锅
正确煮方便面,方便面,https://www.bilibili.com/video/BV1s34y1X74a,,,,一口大锅
大餐口味方便面,方便面,https://www.bilibili.com/video/BV1s34y1X74a,,,,一口大锅
煎蛋方便面,方便面,https://www.bilibili.com/video/BV1s34y1X74a,,,,一口大锅
奶汤方便面,方便面,https://www.bilibili.com/video/BV1s34y1X74a,,,,一口大锅
朝鲜冷面（方便面版）,方便面,https://www.bilibili.com/video/BV1s34y1X74a,,,,一口大锅
茄汁蛋黄浓汤面,方便面、番茄、鸡蛋,https://www.bilibili.com/video/BV1s34y1X74a,,,,一口大锅
丸子面,方便面、猪肉、牛肉,https://www.bilibili.com/video/BV1s34y1X74a,,,,一口大锅
焖泡面,方便面、猪肉、茄子,https://www.bilibili.com/video/BV1s34y1X74a,,,,一口大锅
泡面广岛烧,方便面、包菜、猪肉、鸡蛋,https://www.bilibili.com/video/BV1s34y1X74a,,,,一口大锅
番茄鸡蛋面,方便面、番茄、鸡蛋,https://www.bilibili.com/video/BV1tL4y1b7SM,简单,,煮,一口大锅
麻酱肥牛面,方便面、牛肉,https://www.bilibili.com/video/BV19r4y1z7rg,简单,,拌,一口大锅
鸡蛋番茄拌面,方便面、鸡蛋、番茄,https://www.bilibili.com/video/BV1SS4y1G7fp,普通,,拌,一口大锅
鸡蛋芝士泡面,方便面、鸡蛋、香肠,https://www.bilibili.com/video/BV1SS4y1G7fp,普通,,煮,一口大锅
鸡蛋焖面,方面、鸡蛋,https://www.bilibili.com/video/BV1SS4y1G7fp,普通,,焖,一口大锅
煎方便面饼,方便面、鸡蛋、胡萝卜,https://www.bilibili.com/video/BV1Ey4y1g7p8,普通,,煎,一口大锅
炒方便面,方便面、鸡蛋、香肠,https://www.bilibili.com/video/BV1Q54y1p7n8,普通,,炒,一口大锅
骨汤面,方便面、鸡蛋、牛肉,https://www.bilibili.com/video/BV1Uf4y157RG,简单,,煮,一口大锅
方便面炒饭,方便面、米饭、香肠、鸡蛋,https://www.bilibili.com/video/BV1Uf4y157RG,简单,,炒,一口大锅
韩式泡面,方便面、包菜,https://www.bilibili.com/video/BV1G7411f7FA,简单,,煮,一口大锅
张云雷泡面,方便面、番茄,https://www.bilibili.com/video/BV1G7411f7FA,简单,,煮,一口大锅
海鲜泡面,方便面、虾、鸡蛋,https://www.bilibili.com/video/BV1G7411f7FA,简单,,煮,一口大锅
川味泡面,方便面、鸡蛋,https://www.bilibili.com/video/BV1G7411f7FA,简单,,煮,一口大锅
麻辣烫方便面,方便面、火腿肠、鸡蛋、包菜,https://www.bilibili.com/video/BV1Yp411o7MB,简单,,煮,一口大锅
空气炸锅酸奶小蛋糕,鸡蛋,https://www.bilibili.com/video/BV1qF411p7kc,简单,,炸,空气炸锅
空气炸锅烤蘑菇,菌菇,https://www.bilibili.com/video/BV1Jq4y147oM,简单,,炸,空气炸锅
空气炸锅烤五花肉,猪肉,https://www.bilibili.com/video/BV1Jq4y147oM,简单,,炸,空气炸锅
空气炸锅烤排骨,猪肉,https://www.bilibili.com/video/BV1H3411J7TH,简单,,炸,空气炸锅
蜜汁脆皮烤鸡,鸡肉、鸡胸肉,https://www.bilibili.com/video/av895289430,简单,,炸,空气炸锅
空气炸锅烤土豆火腿,土豆、香肠,/https://www.bilibili.com/video/BV18q4y117C,简单,,炸,空气炸锅
空气炸锅烤花菜,花菜,/https://www.bilibili.com/video/BV18q4y117C,简单,,炸,空气炸锅
空气炸锅烤大虾,虾,/https://www.bilibili.com/video/BV18q4y117C,简单,,炸,空气炸锅
空气炸锅烤鸡蛋,鸡蛋,/https://www.bilibili.com/video/BV18q4y117C,简单,,炸,空气炸锅
空气炸锅炸吐司,面包、鸡蛋,https://www.bilibili.com/video/BV1aQ4y1D77r,简单,,炸,空气炸锅
空气炸锅自制烧烤,鸡翅、花菜香肠,https://www.bilibili.com/video/BV1aQ4y1D77r,简单,深夜美食,炸,空气炸锅
空气炸锅蒜蓉茄子,茄子,https://www.bilibili.com/video/BV1aQ4y1D77r,简单,深夜美食,炸,空气炸锅
空气炸锅炸包菜串,包菜,https://www.bilibili.com/video/BV1DL4y137CD,简单,炸串店同款,炸,空气炸锅
空气炸锅炸香肠串,香肠,https://www.bilibili.com/video/BV1DL4y137CD,简单,炸串店同款,炸,空气炸锅
空气炸锅炸馒头,面包,https://www.bilibili.com/video/BV1DL4y137CD,简单,炸串店同款,炸,空气炸锅
空气炸锅炸包菜,包菜,https://www.bilibili.com/video/BV1eR4y1j715,简单,童年风味,炸,空气炸锅
空气炸锅炸豆腐,豆腐,https://www.bilibili.com/video/BV1eR4y1j715,简单,,炸,空气炸锅
空气炸锅炸薯角,土豆,https://www.bilibili.com/video/BV1eR4y1j716,简单,,炸,空气炸锅
空气炸锅炸鸡翅尖,鸡翅,https://www.bilibili.com/video/BV1eR4y1j717,普通,椒香,炸,空气炸锅
素蟹粉,胡萝卜、土豆,https://www.bilibili.com/video/BV1Zu411e7fp,简单,家常菜,炒,一口大锅
日式炒胡萝卜丝,胡萝卜,https://www.bilibili.com/video/BV1mY411774Z,简单,消耗囤货,炒,一口大锅
胡萝卜炒蛋,胡萝卜、鸡蛋,https://www.bilibili.com/video/BV11E411Q7WB,简单,营养,炒,一口大锅
胡萝卜炒五花肉,胡萝卜、猪肉,https://www.bilibili.com/video/BV1jW411Z7yd,普通,下饭,炒,一口大锅
胡萝卜炒里脊肉,胡萝卜、猪肉,https://www.bilibili.com/video/BV1Ff4y1x7FX,普通,下饭,炒,一口大锅
炸胡萝卜丸,胡萝卜、鸡蛋、香肠,https://www.bilibili.com/video/BV12r4y1i7ud,普通,,炸,一口大锅
炸胡萝卜块,葫芦卜、鸡蛋,https://www.bilibili.com/video/BV11a411i7f4,普通,,炸,一口大锅
罗宋汤,胡萝卜、土豆、番茄、牛肉,https://www.bilibili.com/video/BV1394y1d7f6,普通,,煮,一口大锅
胡萝卜炖牛肉,胡萝卜、牛肉、洋葱,https://www.bilibili.com/video/BV1UR4y1V7nV,困难,法式,炖,一口大锅
减脂胡萝卜丝,胡萝卜,https://www.bilibili.com/video/BV1UQ4y1i7JY,普通,减脂,蒸,一口大锅
胡萝卜蛋饼,胡萝卜、鸡蛋,https://www.bilibili.com/video/BV1Nh411Z7hZ,简单,早餐,煎,一口大锅
蒜香牛奶焗胡萝卜,胡萝卜、洋葱、鸡蛋,https://www.bilibili.com/video/BV1yF411u7Me,普通,法餐,焗,一口大锅
醋溜西葫芦,西葫芦,https://www.bilibili.com/video/BV1Rv411G7fD,普通,开胃,炒,一口大锅
凉拌西葫芦,西葫芦,https://www.bilibili.com/video/BV175411U7LU,简单,凉菜,凉拌,一口大锅
干锅西葫芦,西葫芦、洋葱,https://www.bilibili.com/video/BV1eP4y1T76T,普通,,炒,一口大锅
西葫芦炒五花肉,西葫芦、猪肉,https://www.bilibili.com/video/BV1TL411T7eX,普通,下饭,炒,一口大锅
西葫芦炒蛋,西葫芦、鸡蛋、番茄,https://www.bilibili.com/video/BV1wT4y1Q7Db,简单,下饭,炒,一口大锅
炝炒西葫芦,西葫芦、番茄,https://www.bilibili.com/video/BV1QU4y1f7sY,普通,下饭,炒,一口大锅
西葫芦鸡蛋饼,西葫芦、鸡蛋,https://www.bilibili.com/video/BV1Mt411T7pF,普通,,煎,一口大锅
茄汁西葫芦,西葫芦、番茄,https://www.bilibili.com/video/BV17W411g71Q,普通,快手菜,炒,一口大锅
酱爆西葫芦,西葫芦,https://www.bilibili.com/video/BV175411U7LU,简单,,炒,一口大锅
韩式西葫芦饼,西葫芦、鸡蛋,https://www.bilibili.com/video/BV1zJ411W756,简单,,炒,一口大锅
麻酱拌西葫芦丝,西葫芦,https://www.bilibili.com/video/BV1Th411U7nW,简单,凉菜,凉拌,一口大锅
凉拌莴笋丝,莴笋,https://www.bilibili.com/video/BV1Es411j7oy,简单,凉菜,凉拌,一口大锅
莴笋炒肉,莴笋、猪肉,https://www.bilibili.com/video/BV1d3411H7G5,普通,下饭,炒,一口大锅
莴笋炒蛋,莴笋、鸡蛋、胡萝卜,https://www.bilibili.com/video/BV1C7411J7cb,普通,家常菜,炒,一口大锅
清炒莴笋丝,莴笋、胡萝卜,https://www.bilibili.com/video/BV1qK411H7RL,简单,爽口,炒,一口大锅
热炒莴笋叶,莴笋叶,https://www.bilibili.com/video/BV1xJ411M7bc,简单,家常菜,炒,一口大锅
莴笋炒腊肉,莴笋、香肠,https://www.bilibili.com/video/BV1Ms411F7da,简单,,炒,一口大锅
莴笋炒虾仁,莴笋、虾、胡萝卜,https://www.bilibili.com/video/BV1ZT4y1g7Y2,简单,,炒,一口大锅
莴笋泡菜,莴笋,https://www.bilibili.com/video/BV1h741127rS,简单,爽口,泡菜,一口大锅
盖码莴笋,莴笋、猪肉,https://www.bilibili.com/video/BV1aV411v7xw,简单,清爽,盖浇,一口大锅
腌黄瓜,黄瓜,https://www.bilibili.com/video/BV1LN411f77g,简单,酸爽,腌制,一口大锅
酸黄瓜,黄瓜,https://www.bilibili.com/video/BV1ZW411x71N,简单,爽口,腌制,一口大锅
俄式酸黄瓜,黄瓜,https://www.bilibili.com/video/BV1vL4y1a7if,困难,俄式,腌制,一口大锅
酱黄瓜,黄瓜,https://www.bilibili.com/video/BV1y4411T78H,简单,,腌制,一口大锅
拍黄瓜,黄瓜,https://www.bilibili.com/video/BV1RV41167WV,简单,,凉拌,一口大锅
脆口黄瓜,黄瓜,https://www.bilibili.com/video/BV1Tb4y1X7ow,简单,脆口,凉拌,一口大锅
蓑衣黄瓜,黄瓜,https://www.bilibili.com/video/BV1Wa411C7Gc,简单,,凉拌,一口大锅
黄瓜翡翠羹,黄瓜、鸡胸肉,https://www.bilibili.com/video/BV1y3411W7Mz,困难,国宴菜,煮,一口大锅
黄瓜钱炒肉,黄瓜、猪肉,https://www.bilibili.com/video/BV1WS4y1r7Tx,普通,,炒,一口大锅
黄瓜炒鸡蛋,黄瓜、鸡蛋,https://www.bilibili.com/video/BV1y441147r5,简单,,炒,一口大锅
葱油黄瓜,黄瓜,https://www.bilibili.com/video/BV1954y1b7dv,简单,国宴菜,,一口大锅
午餐肉土豆锅,午餐肉、土豆、胡萝卜,https://www.bilibili.com/video/BV1gT4y1Q7R8,普通,,煮,一口大锅
餐蛋面,午餐肉、鸡蛋、方便面,https://www.bilibili.com/video/BV1pT4y1F7p5,简单,快手菜,煮,一口大锅
午餐肉饭团,午餐肉、米饭,https://www.bilibili.com/video/BV1v7411t7uS,简单,早餐,煎,一口大锅
鸡蛋煎午餐肉,午餐肉、鸡蛋,https://www.bilibili.com/video/BV1aK4y177Xm,简单,快手菜,煎,一口大锅
午餐肉米汉堡,午餐肉、米饭、鸡蛋、包菜,https://www.bilibili.com/video/BV1n5411U78R,简单,早餐,煎,一口大锅
午餐肉蛋饼,午餐肉、鸡蛋、面包,https://www.bilibili.com/video/BV1d34y1X7A5,简单,早餐,煎,一口大锅
午餐肉薯条,午餐肉、鸡蛋,https://www.bilibili.com/video/BV1ti4y1f7nE,简单,零食,炸,空气炸锅
午餐肉串,午餐肉,https://www.bilibili.com/video/BV1MF411t7Ba,简单,零食,炸,空气炸锅
拍辣椒炒午餐肉,午餐肉,https://www.bilibili.com/video/BV1K4411Z7do,简单,家常菜,炒,一口大锅
午餐肉蛋炒饭,午餐肉、鸡蛋、米饭,https://www.bilibili.com/video/BV1HE411X7xR,普通,,炒,一口大锅
蒜香鸡翅,鸡翅,https://www.bilibili.com/video/BV1sy4y1273W,普通,,煎,一口大锅
椒盐鸡翅,鸡翅,https://www.bilibili.com/video/BV1HK4y1o77T,简单,,煎,一口大锅
肯德基炸鸡翅,鸡翅,https://www.bilibili.com/video/BV1A7411u7Ji,普通,肯德基同款,炸,一口大锅
名古屋鸡翅,鸡翅,https://www.bilibili.com/video/BV1ET4y1A7Xd,普通,日式,炸,一口大锅
烤箱版吮指鸡翅,鸡翅、土豆,https://www.bilibili.com/video/BV12W411A7w8,普通,,烤,烤箱
烤箱版橙香鸡翅,鸡翅,https://www.bilibili.com/video/BV1Mb4y1Q7DU,简单,,烤,烤箱
电饭煲版卤鸡翅,鸡翅,https://www.bilibili.com/video/BV1UK4y1Y7aC,简单,,卤,电饭煲
豉油鸡翅,鸡翅,https://www.bilibili.com/video/BV1vz4y1d775,普通,茶餐厅,煮,一口大锅
葱油焖鸡翅,鸡翅、洋葱、菌菇,https://www.bilibili.com/video/BV1uP4y1P7oQ,普通,,煎,一口大锅
番茄鸡翅焖锅,鸡翅、胡萝卜、土豆、洋葱,https://www.bilibili.com/video/BV1Ap4y147Ac,普通,,煮,一口大锅
芹菜炒肉,猪肉、芹菜,https://www.bilibili.com/video/BV1v7411T7is,简单,下饭,炒,一口大锅
肉末土豆,猪肉、土豆,https://www.bilibili.com/video/BV1ZS4y127wm,简单,下饭,炒,一口大锅
干锅土豆五花肉,猪肉、土豆、洋葱,https://www.bilibili.com/video/BV1CV411W7AD,简单,下饭,炒,一口大锅
胡萝卜炒肉,猪肉、胡萝卜,https://www.bilibili.com/video/BV1Ff4y1x7FX,简单,下饭,炒,一口大锅
红烧肉,猪肉,https://www.bilibili.com/video/BV1vk4y127ZB,简单,下饭,煮,一口大锅
糖醋里脊,猪肉,https://www.bilibili.com/video/BV1Dt411B78h,普通,,炸,一口大锅
水煮肉片,猪肉、芹菜、莴笋,https://www.bilibili.com/video/BV1ZZ4y1379N,普通,川菜,炒,一口大锅
包菜五花肉,猪肉、包菜,https://www.bilibili.com/video/BV1La411F7H4,普通,,炒,一口大锅
电饭煲版香卤牛肉,牛肉,https://www.bilibili.com/video/BV1dR4y1F7H2,简单,卤味,煮,电饭煲
香菜拌牛肉,牛肉,https://www.bilibili.com/video/BV1144y1n7ZV,简单,凉菜,凉拌,一口大锅
烧汁牛肉粒,牛肉、洋葱、菌菇,https://www.bilibili.com/video/BV1NU4y1d7ot,普通,国宴菜,炒,一口大锅
番茄土豆炖牛腩,牛肉、土豆、番茄、洋葱,https://www.bilibili.com/video/BV1344y1n73V,普通,下饭,煮,一口大锅
照烧牛肉,牛肉,https://www.bilibili.com/video/BV1mq4y1x7o3,普通,,炒,一口大锅
清炖牛肉,牛肉、白萝卜,https://www.bilibili.com/video/BV1CL4y1n76E,普通,,炖,一口大锅
滑蛋牛肉,牛肉、鸡蛋,https://www.bilibili.com/video/BV12u411Z72s,简单,,炒,一口大锅
法式胡萝卜炖牛肉,胡萝卜、牛肉、洋葱,https://www.bilibili.com/video/BV1UR4y1V7nV,困难,,炖,一口大锅
孜然土豆牛肉,牛肉、土豆,https://www.bilibili.com/video/BV1qX4y1T7ax,普通,,炒,一口大锅
番茄土豆牛腩饭,牛肉、土豆、番茄、胡萝卜、米饭,https://www.bilibili.com/video/BV1La411i73b,普通,,煮,一口大锅
清汤面,面条、鸡蛋,https://www.bilibili.com/video/BV1Yb411T7ED,简单,懒人,煮,一口大锅
番茄浓汤面,面条、番茄、鸡蛋,https://www.bilibili.com/video/BV1P54y1H7oG,简单,懒人,煮,一口大锅
茄汁汤面,面条、番茄、鸡蛋,https://www.bilibili.com/video/BV1Z7411G7AW,简单,懒人,煮,一口大锅
酸汤面,面条、鸡蛋,https://www.bilibili.com/video/BV1kP4y1T7wW,简单,懒人,煮,一口大锅
阳春面,面条,https://www.bilibili.com/video/BV11E411C7e7,简单,,煮,一口大锅
葱油拌面,面条,https://www.bilibili.com/video/BV1H7411c7Xe,简单,,拌,一口大锅
煎蛋焖面,面条、鸡蛋,https://www.bilibili.com/video/BV1d54y1v7JE,简单,,煮,一口大锅
番茄肉酱面,面条、番茄、猪肉,https://www.bilibili.com/video/BV1Cm4y1Q7RS,简单,,拌,一口大锅
biangbiang面,面条,https://www.bilibili.com/video/BV1844y157GL,简单,,油泼,一口大锅
醋卤面,面条、猪肉,https://www.bilibili.com/video/BV1XC4y1p7Yn,普通,,拌,一口大锅
陈氏醋卤面,面条、猪肉,https://www.bilibili.com/video/BV1tQ4y1M76f,普通,家传秘方,拌,一口大锅
电饭煲蜜汁鸡翅,鸡翅,https://www.bilibili.com/video/BV1dj411f7sR,简单,懒人,,电饭煲
电饭煲版一只番茄饭,土豆、胡萝卜、香肠、番茄、鸡蛋、米饭,https://www.bilibili.com/video/BV1dj411f7sR,简单,懒人,,电饭煲
香软蛋糕,鸡蛋,https://www.bilibili.com/video/BV1dj411f7sR,简单,懒人,,电饭煲
电饭煲版香菇腊肠焖饭,腊肠、菌菇、洋葱、米饭,https://www.bilibili.com/video/BV1Bv411C7X3,简单,懒人,,电饭煲
电饭煲版土豆排骨焖饭,猪肉、土豆、米饭,https://www.bilibili.com/video/BV1Bv411C7X3,简单,懒人,,电饭煲
电饭煲版南瓜鸡腿焖饭,鸡胸肉、洋葱、菌菇、米饭,https://www.bilibili.com/video/BV1Bv411C7X3,简单,懒人,,电饭煲
电饭煲版番茄牛腩焖饭,牛肉、番茄、米饭,https://www.bilibili.com/video/BV1Bv411C7X3,简单,懒人,,电饭煲
电饭煲烧鸡,鸡胸肉、洋葱、菌菇,https://www.bilibili.com/video/BV1T54y1U7Cu,简单,好吃,,电饭煲
电饭煲卤味,鸡翅、鸡蛋,https://www.bilibili.com/video/BV1aM4y1L7QR,简单,小吃,,电饭煲
电饭煲卤菜,鸡翅,https://www.bilibili.com/video/BV1ZA411E7KT,简单,小吃,,电饭煲
电饭煲焖面,猪肉、面条,https://www.bilibili.com/video/BV14b411q7rM,简单,筋道,,电饭煲
电饭煲版土豆香肠焖饭,土豆、香肠、米饭,https://www.bilibili.com/video/BV1Kv411q7BM,简单,,,电饭煲
电饭煲蛋糕,面粉、鸡蛋,https://www.bilibili.com/video/BV1H7411V7Pz,简单,香软,,电饭煲
电饭煲吐司,面粉、鸡蛋,https://www.bilibili.com/video/BV1vY41137F1,简单,,,电饭煲
电饭煲叉烧排骨,猪肉、洋葱,https://www.bilibili.com/video/BV1Ab4y1p7dw,简单,下饭,,电饭煲
炒白萝卜丝,白萝卜,https://www.bilibili.com/video/BV1ph411p7Pm,简单,,炒,一口大锅
小菜炝拌萝卜条,白萝卜,https://www.bilibili.com/video/BV1nS4y1X7tM,简单,凉菜,拌,一口大锅
白萝卜烧鸡块,白萝卜、鸡肉,https://www.bilibili.com/video/BV1U3411e7Jv,普通,家常菜,烧,一口大锅
白萝卜汤,白萝卜,https://www.bilibili.com/video/BV1HJ411L7xA,简单,单一食材,煮,一口大锅
生煎白萝卜,白萝卜,https://www.bilibili.com/video/BV1Yu41127Fa,简单,,煎,一口大锅
白萝卜炖猪脚,白萝卜、猪肉,https://www.bilibili.com/video/BV1m7411c7pD,困难,,炖,一口大锅
白萝卜炒肉片,白萝卜、猪肉,https://www.bilibili.com/video/BV1qL4y1i7xD,普通,下饭,炒,一口大锅
酸辣白萝卜,白萝卜,https://www.bilibili.com/video/BV1v64y1f7DW,简单,下饭,拌,一口大锅
素烧白萝卜,白萝卜,https://www.bilibili.com/video/BV1Z7411b7xo,简单,,烧,一口大锅
大根烧,白萝卜,https://www.bilibili.com/video/BV1TW411e7Ln,普通,日式,烧,一口大锅
萝卜砂锅粥,白萝卜、米饭,https://www.bilibili.com/video/BV1mz4y1C7H9,普通,早饭,煮,一口大锅
萝卜鲜虾煲,白萝卜、虾,https://www.bilibili.com/video/BV1Mp4y1z7Yr,困难,,煲,一口大锅
萝卜丝煎粿,白萝卜、猪肉,https://www.bilibili.com/video/BV1CT4y1M775,普通,,煎,一口大锅
萝卜丝炒牛肉,白萝卜、牛肉,https://www.bilibili.com/video/BV1jA411P7LJ,普通,,炒,一口大锅
酱萝卜,白萝卜,https://www.bilibili.com/video/BV1BK4y1Z7rF,简单,凉菜,腌,一口大锅
白萝卜烧肉,白萝卜、猪肉,https://www.bilibili.com/video/BV1x54y147mz,普通,,烧,一口大锅
炸萝卜丸子,白萝卜、鸡蛋,https://www.bilibili.com/video/BV1kf4y1B7H6,普通,零食,炸,一口大锅
白萝卜骨头汤,白萝卜、骨头,https://www.bilibili.com/video/BV1gf4y1u7ap,普通,,煮,一口大锅
萝卜牛肉煲,白萝卜、牛肉,https://www.bilibili.com/video/BV1a7411L733,困难,,煲,一口大锅
酱油炖白萝卜,白萝卜,https://www.bilibili.com/video/BV1us411h7E8,简单,单一食材,炖,一口大锅
白萝卜炒鸡蛋,白萝卜、鸡蛋,https://www.bilibili.com/video/BV1PK4y157u2,普通,,炒,一口大锅
萝卜泡菜,白萝卜,https://www.bilibili.com/video/BV1VE411y7dr,普通,下饭,腌,一口大锅
萝卜烧牛腩,白萝卜、牛肉,https://www.bilibili.com/video/BV1nK41137Lb,普通,,烧,一口大锅
萝卜烧排骨,白萝卜、骨头,https://www.bilibili.com/video/BV1YV411f7L8,普通,,烧,一口大锅
油炸白萝卜,白萝卜,https://www.bilibili.com/video/BV1J54y1x7ie,简单,小吃,炸,一口大锅
白萝卜煲,白萝卜、骨头,https://www.bilibili.com/video/BV1dU4y1u7eb,普通,,煲,一口大锅
肉丸萝卜煲,白萝卜、虾、猪肉,https://www.bilibili.com/video/BV1gT4y1m7UK,普通,,煲,一口大锅
日式炖白萝,白萝卜,https://www.bilibili.com/video/BV17b411B7H1,简单,日式,炖,一口大锅
炒包菜,包菜,https://www.bilibili.com/video/BV1K5411L7Xn,简单,单一食材,炒,一口大锅
麻辣凉拌包菜,包菜,https://www.bilibili.com/video/BV18f4y1e7cy,简单,下饭,拌,一口大锅
包菜厚蛋烧,包菜、鸡蛋,https://www.bilibili.com/video/BV11g411A7QE,普通,小吃,烧,一口大锅
腌包菜,包菜、胡萝卜,https://www.bilibili.com/video/BV1Ap411f7Qu,简单,下饭,腌,一口大锅
空气炸锅炸包菜,包菜,https://www.bilibili.com/video/BV1NB4y1N7SH,简单,,炸,空气炸锅
包菜炒蛋,包菜、鸡蛋,https://www.bilibili.com/video/BV1w34y1k7wu,简单,,炒,一口大锅
包菜大阪烧,包菜、鸡蛋,https://www.bilibili.com/video/BV1tA411F7Eq,普通,,煎,一口大锅
回锅肉炒包菜,包菜、猪肉,https://www.bilibili.com/video/BV1EK411s75a,普通,家常菜,炒,一口大锅
腌酸包菜,包菜、猪肉,https://www.bilibili.com/video/BV1JT4y1K7Pm,普通,下饭,腌,一口大锅
凉拌包菜,包菜,https://www.bilibili.com/video/BV1HY411n7dV,简单,凉菜,拌,一口大锅
土豆烧包菜,包菜、土豆,https://www.bilibili.com/video/BV1Ug4y1B7Uj,普通,家常菜,烧,一口大锅
包菜烧肉,包菜、猪肉,https://www.bilibili.com/video/BV1Wp4y1a7YR,普通,,烧,一口大锅
鸡蛋拌包菜,包菜、鸡蛋,https://www.bilibili.com/video/BV1Q64y1B7eq,简单,凉菜,拌,一口大锅
包菜炒香肠,包菜、腊肠,https://www.bilibili.com/video/BV1AW411m77S,普通,,炒,一口大锅
炸包菜串,包菜,https://www.bilibili.com/video/BV1Ts411F7q3,简单,小吃,炸,一口大锅
虾皮炒包菜,包菜,https://www.bilibili.com/video/BV1h3411C7s1,普通,,炒,一口大锅
包菜豆腐煲,包菜、豆腐,https://www.bilibili.com/video/BV1Cq4y157s1,普通,,煲,一口大锅
芹菜炒肉丝,芹菜、猪肉,https://www.bilibili.com/video/av806554209,普通,,炒,一口大锅
炝拌芹菜,芹菜,https://www.bilibili.com/video/av845641799,简单,凉菜,拌,一口大锅
芹菜鸡翅焖锅,芹菜、鸡翅,https://www.bilibili.com/video/av761877317,普通,下饭,烧,一口大锅
芹菜炒香干,芹菜,https://www.bilibili.com/video/av671691480,普通,,炒,一口大锅
凉拌芹菜叶,芹菜,https://www.bilibili.com/video/av976520411,简单,凉菜,拌,一口大锅
蒸芹菜饼,芹菜、鸡蛋,https://www.bilibili.com/video/av809152626,普通,,蒸,一口大锅
芹菜炒腊肉,芹菜、猪肉,https://www.bilibili.com/video/av209779329,普通,,炒,一口大锅
芹菜拌花生米,芹菜,https://www.bilibili.com/video/av762437785,简单,下饭,拌,一口大锅
芹菜肉饺子,芹菜、猪肉,https://www.bilibili.com/video/av546464255,普通,主食,蒸,一口大锅
芹菜煎饼,芹菜、鸡蛋,https://www.bilibili.com/video/av247131174,简单,,煎,一口大锅
爆汁茄子,茄子,https://www.bilibili.com/video/BV1rL4y1L751,简单,下饭,烧,一口大锅
肉末土豆茄子煲,茄子、土豆、猪肉,https://www.bilibili.com/video/BV1Fu411S78s,普通,,煲,一口大锅
鱼香茄子,茄子、鸡肉,https://www.bilibili.com/video/BV1yL411E7oP,普通,,烧,一口大锅
茄子卷,茄子、猪肉,https://www.bilibili.com/video/BV1L3411H7EK,普通,,炸/煎,一口大锅
红烧茄子,茄子,https://www.bilibili.com/video/BV1ot4y1S7Hf,普通,单一食材,烧,一口大锅
番茄烧茄子,茄子、番茄,https://www.bilibili.com/video/BV11b4y1i7ck,普通,,烧,一口大锅
茄子焖面,茄子、番茄、面条,https://www.bilibili.com/video/BV1BA411H771,简单,主食,烧,一口大锅
土豆炖茄子,茄子、土豆,https://www.bilibili.com/video/BV1uP4y1M7rt,普通,,炖,一口大锅
蒲烧茄子,茄子,https://www.bilibili.com/video/BV1q44y1n78y,普通,,烧,一口大锅
糖醋茄子,茄子,https://www.bilibili.com/video/BV1TE411L7Gp,普通,,烧,一口大锅
炸茄盒,茄子,https://www.bilibili.com/video/BV1df4y177NB,普通,,炸,一口大锅
土豆拌茄子,茄子、土豆,https://www.bilibili.com/video/BV1VT4y1J7Y8,简单,家常菜,拌,一口大锅
茄子焖饭,茄子,https://www.bilibili.com/video/BV1k7411m7nv,简单,单一食材,烧,一口大锅
风味茄子,茄子,https://www.bilibili.com/video/BV1tZ4y1U7iN,普通,小吃,炸,一口大锅
6阶番茄炒蛋,番茄、鸡蛋,https://www.bilibili.com/video/BV1Py4y1S7EF,困难,家常菜,炒,一口大锅
番茄肉酱面,番茄、猪肉、面条,https://www.bilibili.com/video/BV1Cm4y1Q7RS,简单,意式,烧,一口大锅
罗宋汤,番茄、土豆、包菜,https://www.bilibili.com/video/BV1hF411t7hS,困难,家常菜,煮,一口大锅
娼妇意面,番茄、洋葱,https://www.bilibili.com/video/BV1hF411t7hS,普通,,烧,一口大锅
番茄鸡蛋油泼面,番茄、鸡蛋、面条,https://www.bilibili.com/video/BV1hF411t7hS,普通,,煮,一口大锅
茄汁豆腐,番茄、豆腐,https://www.bilibili.com/video/BV1Xb4y1p7mv,简单,,烧,一口大锅
番茄肥牛面,番茄、牛肉、面条,https://www.bilibili.com/video/BV1xb4y167LH,普通,,煮,一口大锅
番茄土豆炖牛腩,番茄、土豆、牛肉,https://www.bilibili.com/video/BV1344y1n73V,普通,家常菜,炖,一口大锅
番茄鸡蛋,番茄、鸡蛋,https://www.bilibili.com/video/BV11y4y167Wa,简单,家常菜,炒,一口大锅
番茄肥牛,番茄、牛肉,https://www.bilibili.com/video/BV1hF411t7hS,普通,,烧,一口大锅
番茄排骨汤,番茄、骨头,https://www.bilibili.com/video/BV11y4y167Wa,普通,,煮,一口大锅
番茄虾滑汤,番茄、虾、面条,https://www.bilibili.com/video/BV1eZ4y1o7TK,困难,,煮,一口大锅
番茄芝士蛋饼,番茄、鸡蛋,https://www.bilibili.com/video/BV1PQ4y1d7ew,普通,,煎,一口大锅
番茄炒蛋,番茄、鸡蛋,https://www.bilibili.com/video/BV1rf4y1872R,普通,家常菜,炒,一口大锅
番茄油咖喱,番茄、洋葱,https://www.bilibili.com/video/BV1hF411t7hS,普通,,烧,一口大锅
番茄肉酱,番茄、芹菜、洋葱、猪肉,https://www.bilibili.com/video/BV1hF411t7hS,普通,下饭,烧,一口大锅
番茄酱,番茄,https://www.bilibili.com/video/BV1h4411c7TV,简单,单一食材,煮,一口大锅
玫瑰酱炖宽粉,番茄、蘑菇、面条,https://www.bilibili.com/video/BV1hF411t7hS,普通,,煮,一口大锅
红烧大骨头,骨头,https://www.bilibili.com/video/BV1hg4y1i7Ss,普通,,烧,一口大锅
小炒拆骨肉,骨头,https://www.bilibili.com/video/BV14p411o7zm,困难,下饭,炒,一口大锅
白萝卜大骨头汤,骨头、白萝卜,https://www.bilibili.com/video/BV1HE41137ZY,普通,,炖,一口大锅
清炖肉骨头,骨头,https://www.bilibili.com/video/BV1SQ4y1m73v,普通,单一食材,炖,一口大锅
骨头炖肉,骨头、猪肉,https://www.bilibili.com/video/BV1bS4y1K7BD,普通,,炖,一口大锅
酱筒骨,骨头,https://www.bilibili.com/video/BV1Ai4y187KE,普通,单一食材,炖,一口大锅
青椒炒腊肠,腊肠,https://www.bilibili.com/video/BV1ZK4y1L7pp,普通,家常菜,炒,一口大锅
腊肠炒鸡蛋,腊肠、鸡蛋,https://www.bilibili.com/video/BV1x54y127CC,普通,,炒,一口大锅
腊肠炒黄瓜,腊肠、黄瓜,https://www.bilibili.com/video/BV1zA411x7oK,普通,,炒,一口大锅
土豆腊肠煲饭,腊肠、土豆,https://www.bilibili.com/video/BV1wV411o7Sq,困难,,煲,一口大锅
电饭煲版广式腊肠煲饭,腊肠,https://www.bilibili.com/video/BV1NE411Q7Jj,简单,广式,煲,电饭煲
腊肠烧土豆,腊肠、土豆,https://www.bilibili.com/video/BV1TL411V7Cp,普通,下饭,烧,一口大锅
腊肠烧茄子,腊肠、茄子,https://www.bilibili.com/video/BV1bW41127MW,普通,下饭,烧,一口大锅
腊肠烧麦,腊肠、面食,https://www.bilibili.com/video/BV1VV411C7o2,普通,,烧,一口大锅
腊肠茄子煲,腊肠、茄子,https://www.bilibili.com/video/BV1vW411g7td,普通,,煲,一口大锅
蒸腊肠,腊肠,https://www.bilibili.com/video/BV1YK4y1e7bM,简单,单一食材,蒸,一口大锅
腊肠蒸蛋,腊肠、鸡蛋,https://www.bilibili.com/video/BV1Zp4y1Q7wu,简单,家常菜,蒸,一口大锅
腊肠豆腐煲,腊肠、豆腐,https://www.bilibili.com/video/BV1Sf4y1r7mS,普通,,煲,一口大锅
茄汁大虾,虾、番茄,https://www.bilibili.com/video/BV1aJ411K75X,简单,,烧,一口大锅
油焖大虾,虾,https://www.bilibili.com/video/BV1DP4y1s7zu,普通,家常菜,焖,一口大锅
可乐鸡翅包虾滑,虾、鸡翅,https://www.bilibili.com/video/BV1Pb4y1p7mi,困难,下饭,煎,一口大锅
白灼大虾,虾,https://www.bilibili.com/video/BV1Sr4y1m7zF,普通,单一食材,灼,一口大锅
脆皮土豆虾,虾、土豆,https://www.bilibili.com/video/BV1Kq4y1q7PM,普通,,炸,一口大锅
金汤虾片,虾,https://www.bilibili.com/video/BV1mQ4y1e7T8,困难,单一食材,煮,一口大锅
海苔虾饼,虾、胡萝卜,https://www.bilibili.com/video/BV16T4y1i78D,困难,零食,炸/煎,一口大锅
蒜蓉开背虾,虾,https://www.bilibili.com/video/BV1DR4y1p7j4,普通,家常菜,炒,一口大锅
炸虾天妇罗,虾、面粉,https://www.bilibili.com/video/BV1e5411t7LY,困难,日式,炸,一口大锅
花样馒头,面食,https://www.bilibili.com/video/BV1SK4y1r7dr,普通,早饭,蒸,一口大锅
奶黄包,面食,https://www.bilibili.com/video/BV1et4y127jQ,普通,早饭,蒸,一口大锅
蒸花卷,面食,https://www.bilibili.com/video/BV1w64y1X7cT,困难,早饭,蒸,一口大锅
马拉糕,面食,https://www.bilibili.com/video/BV1fa4y1a7Xy,困难,,蒸,一口大锅
南瓜饼,面食,https://www.bilibili.com/video/BV1kA411c7M2,困难,,蒸,一口大锅
蒸卤面,面条,https://www.bilibili.com/video/BV1sZ4y137QG,困难,,蒸,一口大锅
杂粮蒸糕,面食,https://www.bilibili.com/video/BV1vf4y1T7gY,普通,,蒸,一口大锅
葱油饼,面食,https://www.bilibili.com/video/BV1gb411J7Xe,普通,,烙,一口大锅
蒸包子,面食,https://www.bilibili.com/video/BV1y64y1U7jY,普通,早饭,蒸,一口大锅
微波炉版蒸饺,面食,https://www.bilibili.com/video/BV1zQ4y1X7SF,普通,早饭,蒸,一口大锅
微波炉版回锅肉,猪肉,https://www.bilibili.com/video/BV1zb411n7bA,简单,,微波加热,微波炉
微波炉版土豆浓汤,土豆、胡萝卜,https://www.bilibili.com/video/BV1HL411E7MM,简单,早饭,微波加热,微波炉
微波炉版鸡蛋羹,鸡蛋,https://www.bilibili.com/video/BV1HL411E7MM,简单,早饭,微波加热,微波炉
微波炉版鸡胸肉全套,鸡肉,https://www.bilibili.com/video/BV1xu41197tU,简单,减脂餐,微波加热,微波炉
微波炉版麻婆豆腐盖饭,猪肉、豆腐,https://www.bilibili.com/video/BV193411W7nb,简单,快速餐,微波加热,微波炉
微波炉版番茄焖饭,香肠、番茄,https://www.bilibili.com/video/BV193411W7nb,普通,减脂餐,微波加热,微波炉
微波炉版菌菇鸡肉焖饭,鸡肉、胡萝卜,https://www.bilibili.com/video/BV193411W7nb,普通,减脂餐,微波加热,微波炉
微波炉版春天焖饭,香肠、米饭,https://www.bilibili.com/video/BV193411W7nb,普通,减脂餐,微波加热,微波炉
微波炉版红烧茄子,茄子、洋葱,https://www.bilibili.com/video/BV17Q4y1y7NC,普通,,微波加热,微波炉
微波炉版辣烤豆腐,豆腐、虾,https://www.bilibili.com/video/BV17Q4y1y7NC,普通,,微波加热,微波炉
微波炉版秋葵豆花蒸蛋,豆腐、鸡蛋、虾,https://www.bilibili.com/video/BV17Q4y1y7NC,普通,,微波加热,微波炉
微波炉版荷包蛋方便面,鸡蛋、方便面、香肠,https://www.bilibili.com/video/BV18v411i7JM,简单,速食,微波加热,微波炉
微波炉版烤鸡翅,鸡翅,https://www.bilibili.com/video/BV1bT4y1o7dv,简单,,微波加热,微波炉
微波炉版厚蛋烧,鸡蛋、包菜,https://www.bilibili.com/video/BV1bT4y1o7dv,普通,,微波加热,微波炉
微波炉版自制披萨,面包、包菜,https://www.bilibili.com/video/BV1bT4y1o7dv,普通,,微波加热,微波炉
微波炉版牛奶炖饭,米饭,https://www.bilibili.com/video/BV1W7411c7As,简单,,微波加热,微波炉
微波炉版洋芋片,土豆,https://www.bilibili.com/video/BV1W7411c7As,简单,零食,微波加热,微波炉
烤箱版烧烤,鸡翅、番茄、土豆,https://www.bilibili.com/video/BV1Ra4y1x7Ua,简单,,烤,烤箱
烤箱版脆皮五花肉,猪肉,https://www.bilibili.com/video/BV1VS4y137dE,普通,,烤,烤箱
烤箱版烤串,猪肉、花菜,https://www.bilibili.com/video/BV17P4y1W7Ze,简单,,烤,烤箱
烤箱版薯条,土豆,https://www.bilibili.com/video/BV1nA411P7aX,普通,,,烤箱
烤箱版爆浆鸡腿,鸡翅,https://www.bilibili.com/video/BV1ju411X7mx,复杂,,,烤箱
烤箱版麻薯,鸡蛋,https://www.bilibili.com/video/BV1CR4y1t7CM,普通,,,烤箱
烤箱版烤西葫芦,西葫芦,https://www.bilibili.com/video/BV1Nv411Y7kV,简单,,,烤箱
烤箱版烤洋葱,洋葱,https://www.bilibili.com/video/BV1Nv411Y7kV,简单,,,烤箱
烤箱版烤花菜,花菜,https://www.bilibili.com/video/BV1Nv411Y7kV,简单,,,烤箱
烤箱版蒜蓉烤茄子,茄子,https://www.bilibili.com/video/BV1Ff4y1P7ng,简单,,,烤箱
自制牛肉干,牛肉,https://www.bilibili.com/video/BV1Ht411d71Q,复杂,,,一口大锅
电饭煲版烙干妈炒泡面,方便面、鸡蛋,https://www.bilibili.com/video/BV1kW411r7Py,简单,,,电饭煲
电饭煲蛋糕（要面粉）,鸡蛋,https://www.bilibili.com/video/BV12741157QX/,复杂,,,电饭煲
电饭煲版茄子猪肉焖面,茄子、猪肉、面条,https://www.bilibili.com/video/BV1ib41137ig,复杂,,,电饭煲
白萝卜焖鸡翅,白萝卜、鸡翅,https://www.bilibili.com/video/BV1fs41187XG,普通,,,一口大锅
小炒牛肉,黄瓜、牛肉,https://www.bilibili.com/video/BV1MK411T7NX,普通,,,一口大锅
辣味牛肉凉拌小黄瓜,黄瓜、牛肉、洋葱,https://www.bilibili.com/video/BV1qr4y1Y792,简单,,,一口大锅
牛肉蒸黄瓜条,黄瓜、牛肉、鸡蛋,https://www.bilibili.com/video/BV1V5411S7Uv,普通,,,一口大锅
翡翠玉带虾仁,黄瓜、虾、鸡蛋,https://www.bilibili.com/video/BV1E4411w7wC,复杂,,,一口大锅
凉拌黄瓜虾滑,黄瓜、虾、,https://www.bilibili.com/video/BV1RF411W7v7,复杂,,,一口大锅
黄瓜鸡蛋汤,黄瓜、鸡蛋,https://www.bilibili.com/video/BV1zi4y1w7C8,简单,,,一口大锅
黄瓜鸡蛋卷,黄瓜、鸡蛋,https://www.bilibili.com/video/BV1GW411L7Sb,普通,,,一口大锅
青瓜炒火腿肠,黄瓜、香肠,https://www.bilibili.com/video/BV1u7411Z79s,简单,,,一口大锅
水煮牛肉,牛肉、菌菇、莴笋、豆腐,https://www.bilibili.com/video/BV11q4y1z7dD,复杂,,,一口大锅
莴笋炒鸡丁,莴笋、鸡胸肉,https://www.bilibili.com/video/BV1hb411i7X2,普通,,,一口大锅
铁板豆腐,豆腐,https://www.bilibili.com/video/BV1dU4y1d7hz,简单,,,一口大锅
辣豆腐汤,豆腐、洋葱、牛肉,https://www.bilibili.com/video/BV1dU4y1d7hz,简单,,,一口大锅
豆腐饭（蛋炒饭）,豆腐、鸡蛋、米饭,https://www.bilibili.com/video/BV1dU4y1d7hz,普通,,,一口大锅
脆皮糖醋豆腐,豆腐,https://www.bilibili.com/video/BV1dU4y1d7hz,普通,,,一口大锅
一口酥豆腐,豆腐,https://www.bilibili.com/video/BV1dU4y1d7hz,普通,,,一口大锅
干锅花菜,花菜、洋葱,https://www.bilibili.com/video/BV1Rb4y147bZ,普通,,,一口大锅
茄汁花菜,花菜、番茄,https://www.bilibili.com/video/BV1J541187QQ,普通,,,一口大锅
花菜虾仁炒饭,花菜、虾仁、米饭、洋葱、胡萝卜,https://www.bilibili.com/video/BV1z4411a7dy,普通,,,一口大锅
